RepositoryFile	OriginalFile	OriginalSHA256
xu/compare_gse107011_result_tpm_7tools_best_immucellai2.R	compare_gse107011_result_tpm_7tools_best_immucellai2.R	395D228627BBFCA502C1B3CE11F2987FAD7E3C5EA56A722B9CCE5DA1B120EAA2
xu/recalculate_plot_gse107011_adjusted_7tools_flatvb.R	recalculate_plot_gse107011_adjusted_7tools_flatvb.R	C5B5D61A41CF6B3E54E198A345473CC42872AEBAE26854DF557F911B8B99C0B6
xu/recalculate_gse107011_7tools_requested_celltypes.R	recalculate_gse107011_7tools_requested_celltypes.R	6BF732FC1CC32E90A2772F3DA6B14C30FDF912B48585A6E7F076FF75966881BC
xu/run_gse107011_cibersort_default_lm22.R	run_gse107011_cibersort_default_lm22.R	C11FAD5496C1F605691B782983F5FEA2525EFDE48C6E29768CB7A9C1C0F18E4F
xu/compare_gse107019_result_tpm_immucellai2_vs_bayesprism.R	compare_gse107019_result_tpm_immucellai2_vs_bayesprism.R	94E230FA195793116184CBD98EFA00ACEFCEE1FBC167770C4B5D2C879370CB8E
pbmc/prepare_newman_monaco_inputs.R	prepare_newman_monaco_inputs.R	B19E062582EE08AC87CE07FB1DFF9D9718A677E063064E5F0E685102E0866DFA
pbmc/run_newman_monaco_7tools_compare.R	run_newman_monaco_7tools_compare.R	4DC9EC7DF5DC1822D018E8F840C4AB4516EB9D919ED5B89327C795CCE233FBBD
pbmc/compare_external_pbmc_7tools_worker.R	compare_external_pbmc_7tools_worker.R	0C7515D1E179F62BE3465F9951A5E52FFC199A7D8B1D4B0FA614549F45B3BC4B
pbmc/replace_newman_monaco_cibersort_with_lm22_results.R	replace_newman_monaco_cibersort_with_lm22_results.R	8A31B9908CC5B5252D481CAB32A20B0171D8E3DEE0C0EB251BFA0B28CB5789C3
pbmc/plot_newman_monaco_7tools_per_celltype_pies.R	plot_newman_monaco_7tools_per_celltype_pies.R	AD9DDD0CC42DF1FDE31FB5A7FF55710F2E0D0795F187E067BD14003AE894167B
pbmc/run_newman_monaco_cibersort_default_lm22.R	run_newman_monaco_cibersort_default_lm22.R	929AB3B2849793EC81266F0C9982FB6BD8DC4A1948C4B86BB476BE408C719B09
runtime/run_runtime_benchmark_1sample_vs_50samples.R	run_runtime_benchmark_1sample_vs_50samples.R	5DD80A3ADEFE092845D06D97BF5BD72C297FC6073B58254DA92518E90CBC8CDF
runtime/benchmark_7tools_runtime_efficiency.R	benchmark_7tools_runtime_efficiency.R	AAF56FB6C8713DFCC7B4BEBBCAA50667CE4FB2F8DDFAF18C19B6210E60B66365
runtime/summarize_runtime_benchmark_1sample_vs_50samples.R	summarize_runtime_benchmark_1sample_vs_50samples.R	27B7E9678C825B91946AA8760B8DC6FC2B10F3B977176199B9BCF147EF332DE9
runtime/plot_runtime_benchmark_1sample_vs_50samples_logvalue.R	plot_runtime_benchmark_1sample_vs_50samples_logvalue.R	8F2019D74897E5FF1565710707553E1261E78F89030D595A10B81F081F80161C
summary/plot_4datasets_7tools_overall_bar_metrics.R	plot_4datasets_7tools_overall_bar_metrics.R	2CC477071DC0577DE9BA2564BDC16AF843BD8DE6C32832AC6BEAFC652B97471F
summary/plot_6datasets_7tools_mean_pearson.R	plot_6datasets_7tools_mean_pearson.R	08BF86F24591005B1424EC676520097709E77BE1EC84D2845F34F23997DB85BC
plots/make_gse107011_newman_monaco_runtime_combined.R	make_gse107011_newman_monaco_runtime_combined.R	E0A0D8D7884A863CB592985A595D6D7A80C61E3C298C2475A49616C3BA4AF2FA
